key,num_samples,ap,base_threshold,base_acc,base_prec,base_recall,base_f1,base_tp,base_tn,base_fp,base_fn,base_r_acc,base_f_acc,best_threshold,best_acc,best_prec,best_recall,best_f1,best_tp,best_tn,best_fp,best_fn,best_r_acc,best_f_acc
CVPJ_Val,788,0.893042778142668,0.5,0.7055837563451777,0.9402173913043478,0.43908629441624364,0.5986159169550173,173,383,11,221,0.9720812182741116,0.43908629441624364,0.015254523,0.8185279187817259,0.805352798053528,0.8401015228426396,0.822360248447205,331,314,80,63,0.7969543147208121,0.8401015228426396
