key,num_samples,threshold,accuracy,precision,recall,f1,tp,tn,fp,fn,ap,r_acc0,f_acc0,r_acc1,f_acc1,acc1,best_thres
CVPJ_Val,788,0.5,0.7055837563451777,0.9402173913043478,0.43908629441624364,0.5986159169550173,173,383,11,221,0.893042778142668,0.9720812182741116,0.43908629441624364,0.7969543147208121,0.8401015228426396,0.8185279187817259,0.015254523
